First name,Last name,Age,Position,Email address
Theodore,Morin,55,Customer service representative,theodore.morin@example.com
Mateo,Gauthier,26,Retail sales associate,mateo.gauthier@example.com
Liam,Tremblay,30,Administrative assistant,liam.tremblay@example.com
Oliver,Roy,56,Police officer,oliver.roy@example.com
Mia,Gagnon,64,Construction worker,mia.gagnon@example.com
Amelia,Martin,26,Laborer,amelia.martin@example.com
Lucas,Fortin,51,Office clerk,lucas.fortin@example.com
Charlotte,Tremblay,18,Stocking associate,charlotte.tremblay@example.com
Noah,Gagnon,58,Marketing specialist,noah.gagnon@example.com
Emma,Brown,48,Food preparation worker,emma.brown@example.com
William,Gagné,24,Operations manager,william.gagne@example.com
Olivia,Smith,44,Cashier,olivia.smith@example.com
Elijah,Bouchard,37,Mechanic,elijah.bouchard@example.com
Sophia,Roy,58,Janitor,sophia.roy@example.com
Isabella,Lee,30,Bookkeeper,isabella.lee@example.com
Henry,Lavoie,30,Carpenter,henry.lavoie@example.com
Evelyn,Johnson,47,Medical assistant,evelyn.johnson@example.com
James,Côté,59,Electrician,james.cote@example.com
Luna,MacDonald,68,Bartender,luna.macdonald@example.com
Ava,Wilson,32,Server,ava.wilson@example.com